{"_id":"651b029a4a604f6e2e5264e6","id":"651b029a4a604f6e2e5264e6","email":"tom@constertina.com","firstName":"Tom","lastName":"Constertina","phoneNumber":"12247166272","accountType":"worker","inviteCode":"XCBPQSN6","workerPayMultiplier":1,"createdDate":"2023-10-02T17:49:14.166Z","countryCode":"US","ipCountryCode":"US","usStateCode":"IL","paypalEmail":"tconst4@illinois.edu","accountRole":"user","customerReviewEnabled":false,"googleOAuthId":"113234273347727819746","workerSlackId":"U068M5TALJY","hubstaffUserId":null,"googleClickId":"","acceptedRemoTermsDate":"2023-10-02T17:49:13.847Z","workerStatus":"pending","accountCreditCents":0,"lastOnlineDatetime":"2024-02-15T19:40:20.392Z","lastActive":"2024-02-14T21:14:54.825Z","tieredAssignedProjects":{"bursty":[],"primary":["63e17fdfc2aa7511a0840492","6218121bcf55b3002b828487","65aae81de4b069324f7a6d6d","65b1481642f7c8a76f00602f","65bb50645cf4a3ca999ade5b","65a528493b73dea312cb9a87","65c259e0e600ac3f2178bae1","65c3d3d5740e1d7cb9c7479e","65c12040edee2a798ee38666","65cb66cf566c22e69670d36d","63d5c488d248c1a6aa312faa"],"secondary":[],"tertiary":[]},"teamRole":"admin","canEditTaskTypes":["imageannotation","segmentannotation","textcollection","documenttranscription","namedentityrecognition","videoplaybackannotation","lidarannotation","categorization","multimodaltranscription"],"trainingRewardsEligible":true,"trainingRewardsRequiredEarnings":0,"canAccessLidar":true,"phoneNumberVerified":true,"requiresOnboardingProfiling":true,"onboardingProfilingCompleted":true,"onboardingProfilingWorkerSkillsPending":false,"introCourseCompleted":true,"customerType":"self_service","cachedStats":{"estTotalPayoutCents":792859.5804166665},"preferredTimezone":"utc","successfulLoginAttempts":["2024-01-27T22:53:22.828Z","2024-01-27T22:57:15.715Z","2024-02-14T18:14:32.049Z"],"requiresMfa":false,"verificationStatus":"unverified","activeWorkerTeam":"65c5320a9fd50c95a939e45a","tags":[{"_id":"5e7c1c3e894cad001619e95e","name":"ipcountrycode_US","createdAt":"2020-03-26T03:06:38.705Z","updatedAt":"2020-03-26T03:06:38.705Z","__v":0},{"_id":"5e4d3ac61aac39001d47f1ea","name":"allow_all_remotasks_content","createdAt":"2020-02-19T13:40:22.093Z","updatedAt":"2020-02-19T13:40:22.093Z","__v":0},{"_id":"65008b17f4fa72a9997abbe7","name":"google_ads","createdAt":"2023-09-12T16:00:23.814Z","updatedAt":"2023-09-12T16:00:23.814Z","__v":0},{"_id":"63ee99deacb3a18d510a9cb1","name":"restricted_worker_us","createdAt":"2023-02-16T21:02:22.989Z","updatedAt":"2023-02-16T21:02:22.989Z","__v":0},{"_id":"64681b56b5232416bea33725","name":"max_education_master_degree","createdAt":"2023-05-20T00:59:03.724Z","updatedAt":"2023-05-20T00:59:03.724Z","__v":0},{"_id":"64b5b483fd9b74f71fb2dc93","name":"passed_verification","createdAt":"2023-07-17T21:37:07.560Z","updatedAt":"2023-07-17T21:37:07.560Z","__v":0},{"_id":"64ff40581c782c1def254e93","name":"Handshake","createdAt":"2023-09-11T16:29:12.470Z","updatedAt":"2023-09-11T16:29:12.470Z","__v":0},{"_id":"655e7bb93e6a5419158fc981","name":"scheduled_coding_live_interview","createdAt":"2023-11-22T22:07:53.310Z","updatedAt":"2023-11-22T22:07:53.310Z","__v":0},{"_id":"655e7bc0c5838fce3b942b84","name":"passed_coding_live_interview","createdAt":"2023-11-22T22:08:00.189Z","updatedAt":"2023-11-22T22:08:00.189Z","__v":0},{"_id":"65676efdd394d9dc0ba5c32c","name":"passed_coding_live_interview_skip_screening","createdAt":"2023-11-29T17:03:57.663Z","updatedAt":"2023-11-29T17:03:57.663Z","__v":0},{"_id":"64d13098d338f948c83c68d3","name":"Experts_TAS_Onboarding","createdAt":"2023-08-07T17:57:44.328Z","updatedAt":"2023-08-07T17:57:44.328Z","__v":0},{"_id":"6556b0a67da97af87c43ccf5","name":"skipped_coding_Screening","createdAt":"2023-11-17T00:15:34.380Z","updatedAt":"2023-11-17T00:15:34.380Z","__v":0},{"_id":"65172efcb0a15238d97bdd59","name":"tier3_coder_US","createdAt":"2023-09-29T20:09:32.792Z","updatedAt":"2023-09-29T20:09:32.792Z","__v":0},{"_id":"65557111917859bc8833380d","name":"platinum_tasker_coder","createdAt":"2023-11-16T01:32:01.949Z","updatedAt":"2023-11-16T01:32:01.949Z","__v":0},{"_id":"656fca2bf85395c028cc3c27","name":"bee_coders_pre_cert_pass","createdAt":"2023-12-06T01:11:07.604Z","updatedAt":"2023-12-06T01:11:07.604Z","__v":0},{"_id":"6536fd7eda03897c7ff68321","name":"bee_pollination_coders_pass","createdAt":"2023-10-23T23:10:54.612Z","updatedAt":"2023-10-23T23:10:54.612Z","__v":0},{"_id":"6554e724fba79cfd1fb08868","name":"VC_TSM_JimsC","createdAt":"2023-11-15T15:43:32.608Z","updatedAt":"2023-11-15T15:43:32.608Z","__v":0},{"_id":"658b67db197c4dd053541722","name":"ptl_coding_jamesf_pod","metadata":{"payMultiplier":1,"workerId":"655e8c2fbde34d1f3252a594"},"createdAt":"2023-12-26T23:55:07.849Z","updatedAt":"2023-12-26T23:55:07.849Z","__v":0},{"_id":"655ea39f3343fd463991e31f","name":"platinum_cheating_strike1","createdAt":"2023-11-23T00:58:07.049Z","updatedAt":"2023-11-23T00:58:07.049Z","__v":0},{"_id":"654be308546a920682a08aed","name":"inline_feedback_attempt","createdAt":"2023-11-08T19:35:36.273Z","updatedAt":"2023-11-08T19:35:36.273Z","__v":0},{"_id":"654a6d9400ec79662114af82","name":"inline_feedback_review","createdAt":"2023-11-07T17:02:12.959Z","updatedAt":"2023-11-07T17:02:12.959Z","__v":0},{"_id":"613a68ed1680dfac2b12141f","name":"experiment_tasker_v2","createdAt":"2021-09-09T20:05:01.769Z","updatedAt":"2021-09-09T20:05:01.769Z","__v":0},{"_id":"611a9316bb9bdc00186edee5","name":"workersource_usqa","createdAt":"2021-08-16T16:32:22.906Z","updatedAt":"2021-08-16T16:32:22.906Z","__v":0},{"_id":"65b44a0b46c7f5a47695e86f","name":"bulbat3_0126","createdAt":"2024-01-27T00:10:51.818Z","updatedAt":"2024-01-27T00:10:51.818Z","__v":0},{"_id":"65b028158e19f5b927486ee0","name":"flamingo_coder_onboarding_all_taskers","createdAt":"2024-01-23T20:56:53.464Z","updatedAt":"2024-01-23T20:56:53.464Z","__v":0},{"_id":"5e7ce9d1bf3120001b4667c8","name":"workersource_tasker","createdAt":"2020-03-26T17:43:45.304Z","updatedAt":"2020-03-26T17:43:45.304Z","__v":0},{"_id":"65bd33bca2a82ab0b69bd894","name":"platinum_abtest_high","createdAt":"2024-02-02T18:26:04.812Z","updatedAt":"2024-02-02T18:26:04.812Z","__v":0},{"_id":"65b2ee752fa265ba884ca330","name":"bulb_coders_kaitlynl_pod","createdAt":"2024-01-25T23:27:49.396Z","updatedAt":"2024-01-25T23:27:49.396Z","__v":0},{"_id":"656e22872d75ff99cfa94f28","name":"interviewers_coders","createdAt":"2023-12-04T19:03:35.632Z","updatedAt":"2023-12-04T19:03:35.632Z","__v":0},{"_id":"657b6eff0b7fbd95d8ff61bd","name":"interviewers_coders_pod_green","createdAt":"2023-12-14T21:09:19.784Z","updatedAt":"2023-12-14T21:09:19.784Z","__v":0}],"rapidCustomer":false,"disableRapidEmails":false,"studioCustomer":false,"studioSubscriptionTier":"free","remoAdminPersonas":[],"assignedProjectLayers":[],"lastDismissedAnnouncements":{},"autogenerated":false,"projectGroups":[],"previousStripeCustomerId":"","dotsUserId":"","last2FAPhoneVerificationDate":"2024-02-14T18:17:21.083Z","isPermanent2FABypass":false,"phoneNumberAlphabeticCountryCode":"US","phoneNumberCallingCountryCode":"1","localPhoneNumber":"2247166272","verifiedCountryCode":"US","lastPhoneNumberResetDate":"2023-10-02T17:49:40.766Z","smsOptIn":false,"greenHouseResumeLink":"","utmSource":"/en/signup?signup_flow=e0ba732d-74da-41b1-87b0-ed5685486411&utm_source=handshake%20&utm_taskerType=cl&utm_campaignDescription=coderexpertshandshake&utm_targetRegion=america&utm_targetCountry=us&utm_targetLanguage=english&utm_targetAudience=selectedAudience&utm_targetDevice=desktop&utm_owner=Growth&utm_id=645bf2369f6ba4c4058362e8","hyperwalletUserToken":"","hyperwalletBankAccountToken":"","hyperwalletBankAccount4Digits":"","hyperwalletPaypalToken":"","hyperwalletPaypalEmail":"","genAiTasker":true,"dummyAccountEmails":[],"useSecureResultUrls":false,"customerStatus":"active","ipWhitelist":[],"accessRoles":[],"customerCodeNames":[],"corpRoles":[],"isCorporateUser":false,"__t":"user","hipaa":false,"contracts":[],"activeWorkerTeamId":"65c5320a9fd50c95a939e45a","activeWorkerTeamName":"Generative AI/Gorilla/Vertigo/BigQuery","activeWorkerTeamAssignments":[{"projectId":"65734d8528bda4366f0bb1ca","reviewLevel":-1,"tier":"Primary","taskType":"chat","taskCustomer":"6463e58315d308d12ddb5385","projectName":"Bulba Code Eval Rating - Chat task 2.0","permissionGroup":"65734d88ad2410bca2c9ec4d","inheritedFrom":"Generative AI/Gorilla/Vertigo/BigQuery","rank":0},{"projectId":"659d8f3cc52fd43e8bc5d30a","reviewLevel":4,"tier":"Primary","taskType":"chat","taskCustomer":"651cacc71df36808ab1c4077","projectName":"BigQuery","permissionGroup":"659d8f3cc52fd43e8bc5d303","inheritedFrom":"Generative AI/Gorilla/Vertigo/BigQuery","rank":1},{"projectId":"659d8f3cc52fd43e8bc5d30a","reviewLevel":-1,"tier":"Primary","taskType":"chat","taskCustomer":"651cacc71df36808ab1c4077","projectName":"BigQuery","permissionGroup":"659d8f3cc52fd43e8bc5d303","inheritedFrom":"Generative AI/Gorilla/Vertigo/BigQuery","rank":2},{"projectId":"65bd2a7e663fc018c5be5e2a","reviewLevel":4,"tier":"Secondary","taskType":"chat","taskCustomer":"651cacc71df36808ab1c4077","projectName":"Vertigo Coding- BQ Translation","permissionGroup":"65bd2d0b91b40d8847b14582","inheritedFrom":"Generative AI/Gorilla/Vertigo/BigQuery","rank":3},{"projectId":"65bd2a7e663fc018c5be5e2a","reviewLevel":-1,"tier":"Secondary","taskType":"chat","taskCustomer":"651cacc71df36808ab1c4077","projectName":"Vertigo Coding- BQ Translation","permissionGroup":"65bd2d0b91b40d8847b14582","inheritedFrom":"Generative AI/Gorilla/Vertigo/BigQuery","rank":4},{"projectId":"65734d8528bda4366f0bb1ca","reviewLevel":-1,"tier":"Secondary","taskType":"chat","taskCustomer":"6463e58315d308d12ddb5385","projectName":"Bulba Code Eval Rating - Chat task 2.0","permissionGroup":"65734d88ad2410bca2c9ec4d","inheritedFrom":"Generative AI/Gorilla/Vertigo/BigQuery","rank":5}],"workerTeamProjectPermissions":{"659d8f3cc52fd43e8bc5d30a":-1,"65bd2a7e663fc018c5be5e2a":4},"assignedProjectLayersProjectPermissions":{},"projectPermissions":{"6218121bcf55b3002b828487":0,"65a528493b73dea312cb9a87":-1,"65c3d3d5740e1d7cb9c7479e":-1,"65b1481642f7c8a76f00602f":-1,"63d5c488d248c1a6aa312faa":0,"63e17fdfc2aa7511a0840492":0},"projectNames":{"65c12040edee2a798ee38666":"shadow_project_hu2zj","65cb66cf566c22e69670d36d":"shadow_project_v87kab","63e17fdfc2aa7511a0840492":"shadow_project_2cp3hr","6218121bcf55b3002b828487":"shadow_project_t9y7ij","65a528493b73dea312cb9a87":"shadow_project_1y0map","63d5c488d248c1a6aa312faa":"shadow_project_jtxgmyk","65aae81de4b069324f7a6d6d":"shadow_project_rkim9k","65b1481642f7c8a76f00602f":"shadow_project_xuuwr","65c259e0e600ac3f2178bae1":"shadow_project_rdn78","65bb50645cf4a3ca999ade5b":"shadow_project_bc5lug","65c3d3d5740e1d7cb9c7479e":"shadow_project_4r8ccr"},"scaleProfile":{"employmentType":""},"lastIpAddress":"76.150.129.37","currentlyClaimedTasks":[]}
