{"_id":"657f547fc08d4352a5913f75","id":"657f547fc08d4352a5913f75","email":"alhang@ucsd.edu","firstName":"Alan","lastName":"Hang","phoneNumber":"18589254503","accountType":"worker","inviteCode":"WBPR8O6F","workerPayMultiplier":1,"createdDate":"2023-12-17T20:05:19.779Z","countryCode":"US","ipCountryCode":"US","usStateCode":"CA","paypalEmail":"luniehang@gmail.com","accountRole":"user","customerReviewEnabled":false,"googleOAuthId":"117602534731645599242","workerSlackId":"U06CY6F5PEJ","hubstaffUserId":null,"googleClickId":"","acceptedRemoTermsDate":"2023-12-17T20:05:19.579Z","workerStatus":"pending","accountCreditCents":0,"lastOnlineDatetime":"2024-02-13T07:11:25.217Z","lastActive":"2024-02-09T05:55:24.311Z","tieredAssignedProjects":{"bursty":[],"primary":[],"secondary":[],"tertiary":[]},"workerSource":"usqa","teamRole":"admin","canEditTaskTypes":["imageannotation","segmentannotation","textcollection","documenttranscription","namedentityrecognition","videoplaybackannotation","lidarannotation","categorization","multimodaltranscription"],"trainingRewardsEligible":true,"trainingRewardsRequiredEarnings":0,"canAccessLidar":true,"phoneNumberVerified":true,"requiresOnboardingProfiling":true,"onboardingProfilingCompleted":true,"onboardingProfilingWorkerSkillsPending":false,"introCourseCompleted":true,"customerType":"self_service","cachedStats":{"estTotalPayoutCents":1778095.489583334},"preferredTimezone":"utc","successfulLoginAttempts":["2024-01-29T06:48:14.997Z","2024-02-05T15:58:28.919Z","2024-02-13T07:11:24.929Z"],"requiresMfa":false,"verificationStatus":"unverified","activeWorkerTeam":"65808886aa8ee82b61b82d7f","tags":[{"_id":"5e7c1c3e894cad001619e95e","name":"ipcountrycode_US","createdAt":"2020-03-26T03:06:38.705Z","updatedAt":"2020-03-26T03:06:38.705Z","__v":0},{"_id":"5e4d3ac61aac39001d47f1ea","name":"allow_all_remotasks_content","createdAt":"2020-02-19T13:40:22.093Z","updatedAt":"2020-02-19T13:40:22.093Z","__v":0},{"_id":"64b5b483fd9b74f71fb2dc93","name":"passed_verification","createdAt":"2023-07-17T21:37:07.560Z","updatedAt":"2023-07-17T21:37:07.560Z","__v":0},{"_id":"64ee96dd43aa5160bb29c162","name":"skip_persona","createdAt":"2023-08-30T01:09:49.274Z","updatedAt":"2023-08-30T01:09:49.274Z","__v":0},{"_id":"64ff40581c782c1def254e93","name":"Handshake","createdAt":"2023-09-11T16:29:12.470Z","updatedAt":"2023-09-11T16:29:12.470Z","__v":0},{"_id":"65676efdd394d9dc0ba5c32c","name":"passed_coding_live_interview_skip_screening","createdAt":"2023-11-29T17:03:57.663Z","updatedAt":"2023-11-29T17:03:57.663Z","__v":0},{"_id":"63ee99deacb3a18d510a9cb1","name":"restricted_worker_us","createdAt":"2023-02-16T21:02:22.989Z","updatedAt":"2023-02-16T21:02:22.989Z","__v":0},{"_id":"64681b56b5232416bea33726","name":"max_education_bachelor_degree","createdAt":"2023-05-20T00:59:03.940Z","updatedAt":"2023-05-20T00:59:03.940Z","__v":0},{"_id":"640bce39ddb19a383bd2a037","name":"account_verified_us","createdAt":"2023-03-11T00:41:29.129Z","updatedAt":"2023-03-11T00:41:29.129Z","__v":0},{"_id":"645b0c6904bd0f63925012b9","name":"manual_persona_identity_verified","createdAt":"2023-05-10T03:15:53.321Z","updatedAt":"2023-05-10T03:15:53.321Z","__v":0},{"_id":"655e7bb93e6a5419158fc981","name":"scheduled_coding_live_interview","createdAt":"2023-11-22T22:07:53.310Z","updatedAt":"2023-11-22T22:07:53.310Z","__v":0},{"_id":"645c2e20c49fe58c66a0f77b","name":"Coder","createdAt":"2023-05-10T23:52:00.203Z","updatedAt":"2023-05-10T23:52:00.203Z","__v":0},{"_id":"655e7bc0c5838fce3b942b84","name":"passed_coding_live_interview","createdAt":"2023-11-22T22:08:00.189Z","updatedAt":"2023-11-22T22:08:00.189Z","__v":0},{"_id":"65172efcb0a15238d97bdd59","name":"tier3_coder_US","createdAt":"2023-09-29T20:09:32.792Z","updatedAt":"2023-09-29T20:09:32.792Z","__v":0},{"_id":"6556b0a67da97af87c43ccf5","name":"skipped_coding_Screening","createdAt":"2023-11-17T00:15:34.380Z","updatedAt":"2023-11-17T00:15:34.380Z","__v":0},{"_id":"656fca2bf85395c028cc3c27","name":"bee_coders_pre_cert_pass","createdAt":"2023-12-06T01:11:07.604Z","updatedAt":"2023-12-06T01:11:07.604Z","__v":0},{"_id":"6536fd7eda03897c7ff68321","name":"bee_pollination_coders_pass","createdAt":"2023-10-23T23:10:54.612Z","updatedAt":"2023-10-23T23:10:54.612Z","__v":0},{"_id":"65557111917859bc8833380d","name":"platinum_tasker_coder","createdAt":"2023-11-16T01:32:01.949Z","updatedAt":"2023-11-16T01:32:01.949Z","__v":0},{"_id":"655ea39f3343fd463991e31f","name":"platinum_cheating_strike1","createdAt":"2023-11-23T00:58:07.049Z","updatedAt":"2023-11-23T00:58:07.049Z","__v":0},{"_id":"6583d41ac930064d1b7546a2","name":"python_self_platinum_tasker_coder","createdAt":"2023-12-21T05:58:50.303Z","updatedAt":"2023-12-21T05:58:50.303Z","__v":0},{"_id":"658b67db197c4dd053541722","name":"ptl_coding_jamesf_pod","metadata":{"payMultiplier":1,"workerId":"655e8c2fbde34d1f3252a594"},"createdAt":"2023-12-26T23:55:07.849Z","updatedAt":"2023-12-26T23:55:07.849Z","__v":0},{"_id":"611a9316bb9bdc00186edee5","name":"workersource_usqa","createdAt":"2021-08-16T16:32:22.906Z","updatedAt":"2021-08-16T16:32:22.906Z","__v":0},{"_id":"65b028158e19f5b927486ee0","name":"flamingo_coder_onboarding_all_taskers","createdAt":"2024-01-23T20:56:53.464Z","updatedAt":"2024-01-23T20:56:53.464Z","__v":0},{"_id":"65bd33bca2a82ab0b69bd894","name":"platinum_abtest_high","createdAt":"2024-02-02T18:26:04.812Z","updatedAt":"2024-02-02T18:26:04.812Z","__v":0},{"_id":"6554e724fba79cfd1fb08868","name":"VC_TSM_JimsC","createdAt":"2023-11-15T15:43:32.608Z","updatedAt":"2023-11-15T15:43:32.608Z","__v":0},{"_id":"654be308546a920682a08aed","name":"inline_feedback_attempt","createdAt":"2023-11-08T19:35:36.273Z","updatedAt":"2023-11-08T19:35:36.273Z","__v":0},{"_id":"654a6d9400ec79662114af82","name":"inline_feedback_review","createdAt":"2023-11-07T17:02:12.959Z","updatedAt":"2023-11-07T17:02:12.959Z","__v":0},{"_id":"65c2ff43a968449a864231f0","name":"code_eval_vertigo_reviewer","createdAt":"2024-02-07T03:55:47.323Z","updatedAt":"2024-02-07T03:55:47.323Z","__v":0}],"rapidCustomer":false,"disableRapidEmails":false,"studioCustomer":false,"studioSubscriptionTier":"free","remoAdminPersonas":[],"assignedProjectLayers":[],"lastDismissedAnnouncements":{},"autogenerated":false,"projectGroups":[],"previousStripeCustomerId":"","dotsUserId":"","last2FAPhoneVerificationDate":"2024-02-13T07:11:42.996Z","isPermanent2FABypass":false,"phoneNumberAlphabeticCountryCode":"US","phoneNumberCallingCountryCode":"1","localPhoneNumber":"8589254503","verifiedCountryCode":"US","lastPhoneNumberResetDate":"2023-12-17T20:07:07.385Z","smsOptIn":false,"greenHouseResumeLink":"","utmSource":"/en/signup?signup_flow=bdb402eb-cff6-476f-87b6-aba3df0cc2a8&utm_source=handshake&utm_taskerType=coders&utm_campaignDescription=Handshake-coders&utm_targetRegion=&utm_targetCountry=US&utm_targetLanguage=english&utm_targetAudience=&utm_targetDevice=&utm_owner=growth","hyperwalletUserToken":"","hyperwalletBankAccountToken":"","hyperwalletBankAccount4Digits":"","hyperwalletPaypalToken":"","hyperwalletPaypalEmail":"","genAiTasker":true,"dummyAccountEmails":[],"useSecureResultUrls":false,"customerStatus":"active","ipWhitelist":[],"accessRoles":[],"customerCodeNames":[],"corpRoles":[],"isCorporateUser":false,"__t":"user","hipaa":false,"contracts":[],"activeWorkerTeamId":"65808886aa8ee82b61b82d7f","activeWorkerTeamName":"Generative AI/Platinum/Coders/T3/US/Flamingo/Flamingo Revival/Python/Writers","activeWorkerTeamAssignments":[{"projectId":"658069b18cfa41c3c6895880","reviewLevel":4,"tier":"Primary","taskType":"chat","taskCustomer":"6227b3afc954af0011b53f8a","projectName":"Flamingo Coding MultiTurn Deviations Onboarding Project","permissionGroup":"658069b29dcf06e61c0ddbd6","inheritedFrom":"Generative AI/Platinum/Coders/T3/US/Flamingo/Flamingo Revival/Python/Writers","rank":0},{"projectId":"657e07549d4d60ede9570c86","reviewLevel":-1,"tier":"Primary","taskType":"chat","taskCustomer":"63fe4e654667d0a6f128105c","projectName":"Flamingo Coding MultiTurn Deviations","permissionGroup":"657e07549d4d60ede9570c7e","inheritedFrom":"Generative AI/Platinum/Coders/T3/US/Flamingo/Flamingo Revival/Python/Writers","rank":1},{"projectId":"656e7fc0212900e99685febc","reviewLevel":4,"tier":"Secondary","taskType":"chat","taskCustomer":"64b1f19c03acceba05b657ab","projectName":"Bee Coding CompSci","permissionGroup":"656e7fc0212900e99685feb3","inheritedFrom":"Generative AI/Platinum/Coders/T3/US/Flamingo/Flamingo Revival/Python/Writers","rank":2},{"projectId":"656e7fc0212900e99685febc","reviewLevel":-1,"tier":"Secondary","taskType":"chat","taskCustomer":"64b1f19c03acceba05b657ab","projectName":"Bee Coding CompSci","permissionGroup":"656e7fc0212900e99685feb3","inheritedFrom":"Generative AI/Platinum/Coders/T3/US/Flamingo/Flamingo Revival/Python/Writers","rank":3},{"projectId":"656ea8e827f65bbadeefb2b2","reviewLevel":4,"tier":"Secondary","taskType":"chat","taskCustomer":"64b1f19c03acceba05b657ab","projectName":"Bee Coding Python","permissionGroup":"656ea8e827f65bbadeefb2ab","inheritedFrom":"Generative AI/Platinum/Coders/T3/US/Flamingo/Flamingo Revival/Python/Writers","rank":4},{"projectId":"656ea8e827f65bbadeefb2b2","reviewLevel":-1,"tier":"Secondary","taskType":"chat","taskCustomer":"64b1f19c03acceba05b657ab","projectName":"Bee Coding Python","permissionGroup":"656ea8e827f65bbadeefb2ab","inheritedFrom":"Generative AI/Platinum/Coders/T3/US/Flamingo/Flamingo Revival/Python/Writers","rank":5},{"projectId":"64f22b4b510846df2b8e256c","reviewLevel":-1,"tier":"Secondary","taskType":"textcollection","taskCustomer":"6441799e5a80c2d2db8f059a","projectName":"Bulba Code Gen Production Rating T3","permissionGroup":"64f22b4c596b48416054455b","inheritedFrom":"Generative AI/Platinum/Coders/T3/US/Flamingo/Flamingo Revival/Python/Writers","rank":6},{"projectId":"65a7c8dae235667e9cb18e03","reviewLevel":-1,"tier":"Secondary","taskType":"chat","taskCustomer":"6463e58315d308d12ddb5385","projectName":"Bulba Code Rating Multiturn","permissionGroup":"65a7c8dc2b16d56883687d1c","inheritedFrom":"Generative AI/Platinum/Coders/T3/US/Flamingo/Flamingo Revival/Python/Writers","rank":7},{"projectId":"65734d8528bda4366f0bb1ca","reviewLevel":-1,"tier":"Secondary","taskType":"chat","taskCustomer":"6463e58315d308d12ddb5385","projectName":"Bulba Code Eval Rating - Chat task 2.0","permissionGroup":"65734d88ad2410bca2c9ec4d","inheritedFrom":"Generative AI/Platinum/Coders/T3/US/Flamingo/Flamingo Revival/Python/Writers","rank":8}],"workerTeamProjectPermissions":{"658069b18cfa41c3c6895880":4,"657e07549d4d60ede9570c86":4,"65734d8528bda4366f0bb1ca":-1,"65a7c8dae235667e9cb18e03":-1,"64f22b4b510846df2b8e256c":-1},"assignedProjectLayersProjectPermissions":{},"projectPermissions":{},"projectNames":{},"scaleProfile":{"employmentType":""},"lastIpAddress":"2600:1700:7c00:30a0:20ae:92bc:1e42:296a","currentlyClaimedTasks":[]}

