{"_id":"6589a5a0f05d9e2be074c6cb","id":"6589a5a0f05d9e2be074c6cb","email":"ajprasannasai@gmail.com","firstName":"Prasanna sai","lastName":"Aranvayal Jayakumar","phoneNumber":"12269619493","accountType":"worker","inviteCode":"E7H5QHRO","workerPayMultiplier":1,"createdDate":"2023-12-25T15:54:08.532Z","countryCode":"CA","ipCountryCode":"CA","paypalEmail":"prasannaajca@gmail.com","accountRole":"user","customerReviewEnabled":false,"googleOAuthId":"103481985743013522766","workerSlackId":"U06D06CL56G","hubstaffUserId":null,"googleClickId":"","acceptedRemoTermsDate":"2023-12-25T15:54:08.233Z","workerStatus":"pending","accountCreditCents":0,"lastOnlineDatetime":"2024-02-16T15:58:22.567Z","lastActive":"2024-02-16T06:13:05.342Z","tieredAssignedProjects":{"bursty":[],"primary":[],"secondary":[],"tertiary":[]},"teamRole":"admin","canEditTaskTypes":["imageannotation","segmentannotation","textcollection","documenttranscription","namedentityrecognition","videoplaybackannotation","lidarannotation","categorization","multimodaltranscription"],"trainingRewardsEligible":true,"trainingRewardsRequiredEarnings":0,"canAccessLidar":true,"phoneNumberVerified":true,"requiresOnboardingProfiling":true,"onboardingProfilingCompleted":true,"onboardingProfilingWorkerSkillsPending":false,"introCourseCompleted":true,"customerType":"self_service","cachedStats":{"estTotalPayoutCents":649039.0160833332},"preferredTimezone":"utc","successfulLoginAttempts":["2024-01-28T23:00:30.141Z","2024-02-02T23:03:36.975Z","2024-02-10T03:20:49.397Z"],"requiresMfa":false,"verificationStatus":"unverified","activeWorkerTeam":"65808886aa8ee82b61b82d7f","ageRange":"Twenty-one and older","tags":[{"_id":"5e7ceb6f0806410024bb6b9e","name":"ipcountrycode_CA","createdAt":"2020-03-26T17:50:39.892Z","updatedAt":"2020-03-26T17:50:39.892Z","__v":0},{"_id":"5e4d3ac61aac39001d47f1ea","name":"allow_all_remotasks_content","createdAt":"2020-02-19T13:40:22.093Z","updatedAt":"2020-02-19T13:40:22.093Z","__v":0},{"_id":"645c2e20c49fe58c66a0f77b","name":"Coder","createdAt":"2023-05-10T23:52:00.203Z","updatedAt":"2023-05-10T23:52:00.203Z","__v":0},{"_id":"651c4558edce8f0dc5e5b297","name":"braintrust_t3","createdAt":"2023-10-03T16:46:16.040Z","updatedAt":"2023-10-03T16:46:16.040Z","__v":0},{"_id":"655e7bb93e6a5419158fc981","name":"scheduled_coding_live_interview","createdAt":"2023-11-22T22:07:53.310Z","updatedAt":"2023-11-22T22:07:53.310Z","__v":0},{"_id":"655e7bcda8aee67a83fb1e3a","name":"canceled_coding_live_interview","createdAt":"2023-11-22T22:08:13.222Z","updatedAt":"2023-11-22T22:08:13.222Z","__v":0},{"_id":"655e7bc0c5838fce3b942b84","name":"passed_coding_live_interview","createdAt":"2023-11-22T22:08:00.189Z","updatedAt":"2023-11-22T22:08:00.189Z","__v":0},{"_id":"65172efcb0a15238d97bdd59","name":"tier3_coder_US","createdAt":"2023-09-29T20:09:32.792Z","updatedAt":"2023-09-29T20:09:32.792Z","__v":0},{"_id":"6556b0a67da97af87c43ccf5","name":"skipped_coding_Screening","createdAt":"2023-11-17T00:15:34.380Z","updatedAt":"2023-11-17T00:15:34.380Z","__v":0},{"_id":"656fca2bf85395c028cc3c27","name":"bee_coders_pre_cert_pass","createdAt":"2023-12-06T01:11:07.604Z","updatedAt":"2023-12-06T01:11:07.604Z","__v":0},{"_id":"6536fd7eda03897c7ff68321","name":"bee_pollination_coders_pass","createdAt":"2023-10-23T23:10:54.612Z","updatedAt":"2023-10-23T23:10:54.612Z","__v":0},{"_id":"658b67db197c4dd053541722","name":"ptl_coding_jamesf_pod","metadata":{"payMultiplier":1,"workerId":"655e8c2fbde34d1f3252a594"},"createdAt":"2023-12-26T23:55:07.849Z","updatedAt":"2023-12-26T23:55:07.849Z","__v":0},{"_id":"65557111917859bc8833380d","name":"platinum_tasker_coder","createdAt":"2023-11-16T01:32:01.949Z","updatedAt":"2023-11-16T01:32:01.949Z","__v":0},{"_id":"65a8447f36987ceaa4b9c241","name":"fraud_reverification_cohort5","createdAt":"2024-01-17T21:19:59.541Z","updatedAt":"2024-01-17T21:19:59.541Z","__v":0},{"_id":"64b5b483fd9b74f71fb2dc93","name":"passed_verification","createdAt":"2023-07-17T21:37:07.560Z","updatedAt":"2023-07-17T21:37:07.560Z","__v":0},{"_id":"5e7ce9d1bf3120001b4667c8","name":"workersource_tasker","createdAt":"2020-03-26T17:43:45.304Z","updatedAt":"2020-03-26T17:43:45.304Z","__v":0},{"_id":"65bd33bca2a82ab0b69bd894","name":"platinum_abtest_high","createdAt":"2024-02-02T18:26:04.812Z","updatedAt":"2024-02-02T18:26:04.812Z","__v":0},{"_id":"65b028158e19f5b927486ee0","name":"flamingo_coder_onboarding_all_taskers","createdAt":"2024-01-23T20:56:53.464Z","updatedAt":"2024-01-23T20:56:53.464Z","__v":0},{"_id":"6554e724fba79cfd1fb08868","name":"VC_TSM_JimsC","createdAt":"2023-11-15T15:43:32.608Z","updatedAt":"2023-11-15T15:43:32.608Z","__v":0},{"_id":"655ea39f3343fd463991e31f","name":"platinum_cheating_strike1","createdAt":"2023-11-23T00:58:07.049Z","updatedAt":"2023-11-23T00:58:07.049Z","__v":0},{"_id":"655ea4906616671fe6ade79d","name":"platinum_cheating_strike2","createdAt":"2023-11-23T01:02:08.452Z","updatedAt":"2023-11-23T01:02:08.452Z","__v":0}],"rapidCustomer":false,"disableRapidEmails":false,"studioCustomer":false,"studioSubscriptionTier":"free","remoAdminPersonas":[],"rteInfo":{"reservedHours":0,"hoursTaskedSinceReset":14.324708333333334,"reservedHoursTaskedSinceReset":0,"lastResetTime":"2023-12-31T03:10:03.418Z","unSelectedWorkerTeams":[],"rteTierStatus":"Preferred","_id":"6590db8b1f1ce3c7c0619e2f"},"assignedProjectLayers":[],"lastDismissedAnnouncements":{},"autogenerated":false,"projectGroups":[],"previousStripeCustomerId":"","dotsUserId":"","last2FAPhoneVerificationDate":"2023-12-31T03:09:33.017Z","isPermanent2FABypass":false,"phoneNumberAlphabeticCountryCode":"CA","phoneNumberCallingCountryCode":"1","localPhoneNumber":"2269619493","verifiedCountryCode":"CA","lastPhoneNumberResetDate":"2023-12-31T03:09:32.981Z","smsOptIn":false,"greenHouseResumeLink":"","utmSource":"/en/signup?signup_flow=578e9d48-f78a-4480-9daa-22be2964b047&utm_source=braintrust&utm_taskerType=coders&utm_campaignDescription=skipscreensignuplinkbt&utm_targetRegion=&utm_targetCountry=US&utm_targetLanguage=english&utm_targetAudience=&utm_targetDevice=&utm_owner=growth","hyperwalletUserToken":"","hyperwalletBankAccountToken":"","hyperwalletBankAccount4Digits":"","hyperwalletPaypalToken":"","hyperwalletPaypalEmail":"","genAiTasker":true,"dummyAccountEmails":[],"lastEmptyQueueEvent":{"serverSideRequestId":"8c8b80a2-5f5d-465f-aca5-3d3ce67e1b48","userId":"6589a5a0f05d9e2be074c6cb","activeWorkerTeam":"65808886aa8ee82b61b82d7f","currentPrimaryTeamAssignments":[{"projectId":"658069b18cfa41c3c6895880","reviewLevel":4},{"projectId":"657e07549d4d60ede9570c86","reviewLevel":-1}],"currentSecondaryTeamAssignments":[{"projectId":"656e7fc0212900e99685febc","reviewLevel":4},{"projectId":"656e7fc0212900e99685febc","reviewLevel":-1},{"projectId":"656ea8e827f65bbadeefb2b2","reviewLevel":4},{"projectId":"656ea8e827f65bbadeefb2b2","reviewLevel":-1},{"projectId":"64f22b4b510846df2b8e256c","reviewLevel":-1},{"projectId":"65a7c8dae235667e9cb18e03","reviewLevel":-1},{"projectId":"65734d8528bda4366f0bb1ca","reviewLevel":-1}],"emptyQueueReasons":{"658069b18cfa41c3c6895880":{"0":"Unsupported","1":"Unsupported","4":"Unsupported","-1":"Unsupported"},"657e07549d4d60ede9570c86":{"0":"Unsupported","1":"Unsupported","4":"Unsupported","-1":"Unsupported"},"656ea8e827f65bbadeefb2b2":{"0":"Unsupported","1":"Unsupported","4":"NoTasks","-1":"NoTasks"},"656e7fc0212900e99685febc":{"allReviewLevels":"InvalidProject"},"64f22b4b510846df2b8e256c":{"-1":"NoTasks"},"65a7c8dae235667e9cb18e03":{"-1":"Unsupported"},"65734d8528bda4366f0bb1ca":{"-1":"Unsupported"}},"preAssignmentEmptyQueueReason":null,"requestedAt":"2024-02-16T15:29:43.152Z","resolvedAt":"2024-02-16T15:30:03.030Z"},"useSecureResultUrls":false,"customerStatus":"active","ipWhitelist":[],"accessRoles":[],"customerCodeNames":[],"corpRoles":[],"isCorporateUser":false,"__t":"user","hipaa":false,"contracts":[],"activeWorkerTeamId":"65808886aa8ee82b61b82d7f","activeWorkerTeamName":"Generative AI/Platinum/Coders/T3/US/Flamingo/Flamingo Revival/Python/Writers","activeWorkerTeamAssignments":[{"projectId":"658069b18cfa41c3c6895880","reviewLevel":4,"tier":"Primary","taskType":"chat","taskCustomer":"6227b3afc954af0011b53f8a","projectName":"Flamingo Coding MultiTurn Deviations Onboarding Project","permissionGroup":"658069b29dcf06e61c0ddbd6","inheritedFrom":"Generative AI/Platinum/Coders/T3/US/Flamingo/Flamingo Revival/Python/Writers","rank":0},{"projectId":"657e07549d4d60ede9570c86","reviewLevel":-1,"tier":"Primary","taskType":"chat","taskCustomer":"63fe4e654667d0a6f128105c","projectName":"Flamingo Coding MultiTurn Deviations","permissionGroup":"657e07549d4d60ede9570c7e","inheritedFrom":"Generative AI/Platinum/Coders/T3/US/Flamingo/Flamingo Revival/Python/Writers","rank":1},{"projectId":"656e7fc0212900e99685febc","reviewLevel":4,"tier":"Secondary","taskType":"chat","taskCustomer":"64b1f19c03acceba05b657ab","projectName":"Bee Coding CompSci","permissionGroup":"656e7fc0212900e99685feb3","inheritedFrom":"Generative AI/Platinum/Coders/T3/US/Flamingo/Flamingo Revival/Python/Writers","rank":2},{"projectId":"656e7fc0212900e99685febc","reviewLevel":-1,"tier":"Secondary","taskType":"chat","taskCustomer":"64b1f19c03acceba05b657ab","projectName":"Bee Coding CompSci","permissionGroup":"656e7fc0212900e99685feb3","inheritedFrom":"Generative AI/Platinum/Coders/T3/US/Flamingo/Flamingo Revival/Python/Writers","rank":3},{"projectId":"656ea8e827f65bbadeefb2b2","reviewLevel":4,"tier":"Secondary","taskType":"chat","taskCustomer":"64b1f19c03acceba05b657ab","projectName":"Bee Coding Python","permissionGroup":"656ea8e827f65bbadeefb2ab","inheritedFrom":"Generative AI/Platinum/Coders/T3/US/Flamingo/Flamingo Revival/Python/Writers","rank":4},{"projectId":"656ea8e827f65bbadeefb2b2","reviewLevel":-1,"tier":"Secondary","taskType":"chat","taskCustomer":"64b1f19c03acceba05b657ab","projectName":"Bee Coding Python","permissionGroup":"656ea8e827f65bbadeefb2ab","inheritedFrom":"Generative AI/Platinum/Coders/T3/US/Flamingo/Flamingo Revival/Python/Writers","rank":5},{"projectId":"64f22b4b510846df2b8e256c","reviewLevel":-1,"tier":"Secondary","taskType":"textcollection","taskCustomer":"6441799e5a80c2d2db8f059a","projectName":"Bulba Code Gen Production Rating T3","permissionGroup":"64f22b4c596b48416054455b","inheritedFrom":"Generative AI/Platinum/Coders/T3/US/Flamingo/Flamingo Revival/Python/Writers","rank":6},{"projectId":"65a7c8dae235667e9cb18e03","reviewLevel":-1,"tier":"Secondary","taskType":"chat","taskCustomer":"6463e58315d308d12ddb5385","projectName":"Bulba Code Rating Multiturn","permissionGroup":"65a7c8dc2b16d56883687d1c","inheritedFrom":"Generative AI/Platinum/Coders/T3/US/Flamingo/Flamingo Revival/Python/Writers","rank":7},{"projectId":"65734d8528bda4366f0bb1ca","reviewLevel":-1,"tier":"Secondary","taskType":"chat","taskCustomer":"6463e58315d308d12ddb5385","projectName":"Bulba Code Eval Rating - Chat task 2.0","permissionGroup":"65734d88ad2410bca2c9ec4d","inheritedFrom":"Generative AI/Platinum/Coders/T3/US/Flamingo/Flamingo Revival/Python/Writers","rank":8}],"workerTeamProjectPermissions":{"658069b18cfa41c3c6895880":4,"657e07549d4d60ede9570c86":4,"65a7c8dae235667e9cb18e03":-1,"65734d8528bda4366f0bb1ca":-1,"656ea8e827f65bbadeefb2b2":4,"656e7fc0212900e99685febc":4,"64f22b4b510846df2b8e256c":-1},"assignedProjectLayersProjectPermissions":{},"projectPermissions":{},"projectNames":{},"scaleProfile":{"employmentType":""},"lastIpAddress":"184.148.17.7","currentlyClaimedTasks":[]}
