{"_id":"65a54c6b9950d98a42dec398","id":"65a54c6b9950d98a42dec398","email":"grapeasfaha@gmail.com","firstName":"Weini","lastName":" Wube","phoneNumber":"17076311447","accountType":"worker","inviteCode":"9Y2YEQXI","workerPayMultiplier":1,"createdDate":"2024-01-15T15:16:59.131Z","ipCountryCode":"US","usStateCode":"CA","paypalEmail":"grapeasfaha@gmail.com","accountRole":"user","customerReviewEnabled":false,"workerSlackId":"U06FB623SLF","hubstaffUserId":null,"googleClickId":"","acceptedRemoTermsDate":"2024-01-15T15:16:58.931Z","workerStatus":"pending","accountCreditCents":0,"lastOnlineDatetime":"2024-02-16T16:26:44.537Z","lastActive":"2024-02-16T06:11:18.343Z","tieredAssignedProjects":{"bursty":[],"primary":[],"secondary":[],"tertiary":[]},"teamRole":"admin","canEditTaskTypes":["imageannotation","segmentannotation","textcollection","documenttranscription","namedentityrecognition","videoplaybackannotation","lidarannotation","categorization","multimodaltranscription"],"trainingRewardsEligible":true,"trainingRewardsRequiredEarnings":0,"canAccessLidar":true,"phoneNumberVerified":true,"requiresOnboardingProfiling":true,"onboardingProfilingCompleted":true,"onboardingProfilingWorkerSkillsPending":false,"introCourseCompleted":true,"customerType":"self_service","cachedStats":{"estTotalPayoutCents":871888.655277778},"preferredTimezone":"utc","successfulLoginAttempts":["2024-01-15T15:17:05.693Z","2024-01-24T01:17:32.013Z"],"requiresMfa":false,"verificationStatus":"unverified","activeWorkerTeam":"65cf12fbe238e55716d1cae3","tags":[{"_id":"5e7c1c3e894cad001619e95e","name":"ipcountrycode_US","createdAt":"2020-03-26T03:06:38.705Z","updatedAt":"2020-03-26T03:06:38.705Z","__v":0},{"_id":"5e7ce9d1bf3120001b4667c8","name":"workersource_tasker","createdAt":"2020-03-26T17:43:45.304Z","updatedAt":"2020-03-26T17:43:45.304Z","__v":0},{"_id":"5e4d3ac61aac39001d47f1ea","name":"allow_all_remotasks_content","createdAt":"2020-02-19T13:40:22.093Z","updatedAt":"2020-02-19T13:40:22.093Z","__v":0},{"_id":"645c2e20c49fe58c66a0f77b","name":"Coder","createdAt":"2023-05-10T23:52:00.203Z","updatedAt":"2023-05-10T23:52:00.203Z","__v":0},{"_id":"6517095f93a24739bd57d745","name":"tier12_coder_candidate","createdAt":"2023-09-29T17:29:03.191Z","updatedAt":"2023-09-29T17:29:03.191Z","__v":0},{"_id":"655e8ca153e5f8e39298471f","name":"coding_referral","createdAt":"2023-11-22T23:20:01.611Z","updatedAt":"2023-11-22T23:20:01.611Z","__v":0},{"_id":"63ee99deacb3a18d510a9cb1","name":"restricted_worker_us","createdAt":"2023-02-16T21:02:22.989Z","updatedAt":"2023-02-16T21:02:22.989Z","__v":0},{"_id":"64681b56b5232416bea33726","name":"max_education_bachelor_degree","createdAt":"2023-05-20T00:59:03.940Z","updatedAt":"2023-05-20T00:59:03.940Z","__v":0},{"_id":"645b0c6904bd0f63925012b9","name":"manual_persona_identity_verified","createdAt":"2023-05-10T03:15:53.321Z","updatedAt":"2023-05-10T03:15:53.321Z","__v":0},{"_id":"64d13098d338f948c83c68d3","name":"Experts_TAS_Onboarding","createdAt":"2023-08-07T17:57:44.328Z","updatedAt":"2023-08-07T17:57:44.328Z","__v":0},{"_id":"650b2e21482bd4f44b8ee874","name":"TAS_RACHEL_CILLA","createdAt":"2023-09-20T17:38:41.099Z","updatedAt":"2023-09-20T17:38:41.099Z","__v":0},{"_id":"64b5b483fd9b74f71fb2dc93","name":"passed_verification","createdAt":"2023-07-17T21:37:07.560Z","updatedAt":"2023-07-17T21:37:07.560Z","__v":0},{"_id":"655e7bb93e6a5419158fc981","name":"scheduled_coding_live_interview","createdAt":"2023-11-22T22:07:53.310Z","updatedAt":"2023-11-22T22:07:53.310Z","__v":0},{"_id":"655e7bcda8aee67a83fb1e3a","name":"canceled_coding_live_interview","createdAt":"2023-11-22T22:08:13.222Z","updatedAt":"2023-11-22T22:08:13.222Z","__v":0},{"_id":"655e7bc0c5838fce3b942b84","name":"passed_coding_live_interview","createdAt":"2023-11-22T22:08:00.189Z","updatedAt":"2023-11-22T22:08:00.189Z","__v":0},{"_id":"6556b0a67da97af87c43ccf5","name":"skipped_coding_Screening","createdAt":"2023-11-17T00:15:34.380Z","updatedAt":"2023-11-17T00:15:34.380Z","__v":0},{"_id":"65172efcb0a15238d97bdd59","name":"tier3_coder_US","createdAt":"2023-09-29T20:09:32.792Z","updatedAt":"2023-09-29T20:09:32.792Z","__v":0},{"_id":"656fca2bf85395c028cc3c27","name":"bee_coders_pre_cert_pass","createdAt":"2023-12-06T01:11:07.604Z","updatedAt":"2023-12-06T01:11:07.604Z","__v":0},{"_id":"6536fd7eda03897c7ff68321","name":"bee_pollination_coders_pass","createdAt":"2023-10-23T23:10:54.612Z","updatedAt":"2023-10-23T23:10:54.612Z","__v":0},{"_id":"65557111917859bc8833380d","name":"platinum_tasker_coder","createdAt":"2023-11-16T01:32:01.949Z","updatedAt":"2023-11-16T01:32:01.949Z","__v":0},{"_id":"658b67db197c4dd053541722","name":"ptl_coding_jamesf_pod","metadata":{"payMultiplier":1,"workerId":"655e8c2fbde34d1f3252a594"},"createdAt":"2023-12-26T23:55:07.849Z","updatedAt":"2023-12-26T23:55:07.849Z","__v":0},{"_id":"65b028158e19f5b927486ee0","name":"flamingo_coder_onboarding_all_taskers","createdAt":"2024-01-23T20:56:53.464Z","updatedAt":"2024-01-23T20:56:53.464Z","__v":0},{"_id":"65a18a24c750812fe21576d3","name":"account_p1","createdAt":"2024-01-12T18:51:16.660Z","updatedAt":"2024-01-12T18:51:16.660Z","__v":0},{"_id":"65bd33fd63fb962e9fd4d3b4","name":"platinum_abtest_control","createdAt":"2024-02-02T18:27:09.645Z","updatedAt":"2024-02-02T18:27:09.645Z","__v":0},{"_id":"6554e724fba79cfd1fb08868","name":"VC_TSM_JimsC","createdAt":"2023-11-15T15:43:32.608Z","updatedAt":"2023-11-15T15:43:32.608Z","__v":0},{"_id":"654be308546a920682a08aed","name":"inline_feedback_attempt","createdAt":"2023-11-08T19:35:36.273Z","updatedAt":"2023-11-08T19:35:36.273Z","__v":0},{"_id":"65a18a20232583bc52c15da2","name":"account_p0","createdAt":"2024-01-12T18:51:12.877Z","updatedAt":"2024-01-12T18:51:12.877Z","__v":0},{"_id":"655ea39f3343fd463991e31f","name":"platinum_cheating_strike1","createdAt":"2023-11-23T00:58:07.049Z","updatedAt":"2023-11-23T00:58:07.049Z","__v":0},{"_id":"65a18a0e400315815ecb3ae0","name":"task_issue_p0","createdAt":"2024-01-12T18:50:54.743Z","updatedAt":"2024-01-12T18:50:54.743Z","__v":0}],"rapidCustomer":false,"disableRapidEmails":false,"studioCustomer":false,"studioSubscriptionTier":"free","remoAdminPersonas":[],"assignedProjectLayers":[],"lastDismissedAnnouncements":{},"autogenerated":false,"projectGroups":[],"previousStripeCustomerId":"","dotsUserId":"","last2FAPhoneVerificationDate":"2024-02-14T13:21:11.488Z","isPermanent2FABypass":false,"phoneNumberAlphabeticCountryCode":"US","phoneNumberCallingCountryCode":"1","localPhoneNumber":"7076311447","verifiedCountryCode":"US","lastPhoneNumberResetDate":"2024-01-17T03:58:06.408Z","smsOptIn":false,"greenHouseResumeLink":"","utmSource":"/en/signup?signup_flow=565b5729-ddd1-474b-8423-e49d0c7ac298&utm_source=656e2ac79148337b6e0e9455&utm_campaignDescription=codingreferral","hyperwalletUserToken":"","hyperwalletBankAccountToken":"","hyperwalletBankAccount4Digits":"","hyperwalletPaypalToken":"","hyperwalletPaypalEmail":"","genAiTasker":true,"dummyAccountEmails":[],"lastEmptyQueueEvent":{"serverSideRequestId":"c37d0855-79e6-4db3-9835-0681b282552e","userId":"65a54c6b9950d98a42dec398","activeWorkerTeam":"65cf12fbe238e55716d1cae3","currentPrimaryTeamAssignments":[],"currentSecondaryTeamAssignments":[],"emptyQueueReasons":{},"preAssignmentEmptyQueueReason":"NoAssignment","requestedAt":"2024-02-16T16:26:44.568Z"},"useSecureResultUrls":false,"customerStatus":"active","ipWhitelist":[],"accessRoles":[],"customerCodeNames":[],"corpRoles":[],"isCorporateUser":false,"__t":"user","hipaa":false,"contracts":[],"activeWorkerTeamId":"65cf12fbe238e55716d1cae3","activeWorkerTeamName":"Code Eval Screening/Holding/Bad Quality","activeWorkerTeamAssignments":[],"workerTeamProjectPermissions":{},"assignedProjectLayersProjectPermissions":{},"projectPermissions":{},"projectNames":{},"scaleProfile":{"employmentType":""},"lastIpAddress":"2601:643:897f:9d30:f05f:3e73:1c18:ae2","currentlyClaimedTasks":[]}
