{"_id":"65a71ee01e31aa84e29daded","id":"65a71ee01e31aa84e29daded","email":"nebilgezaw@gmail.com","firstName":"Nebil","lastName":"Gezaw","phoneNumber":"14693169474","accountType":"worker","inviteCode":"F2YDWG3R","workerPayMultiplier":1,"createdDate":"2024-01-17T00:27:12.238Z","ipCountryCode":"US","usStateCode":"TX","paypalEmail":"nebilgezaw@gmail.com","accountRole":"user","customerReviewEnabled":false,"googleOAuthId":"104071682102744988390","workerSlackId":"U06G4Q2Q2AE","hubstaffUserId":null,"googleClickId":"","acceptedRemoTermsDate":"2024-01-17T00:27:11.870Z","workerStatus":"pending","accountCreditCents":0,"lastOnlineDatetime":"2024-02-16T16:26:37.895Z","lastActive":"2024-02-16T16:05:11.758Z","tieredAssignedProjects":{"bursty":[],"primary":[],"secondary":[],"tertiary":[]},"teamRole":"admin","canEditTaskTypes":["imageannotation","segmentannotation","textcollection","documenttranscription","namedentityrecognition","videoplaybackannotation","lidarannotation","categorization","multimodaltranscription"],"trainingRewardsEligible":true,"trainingRewardsRequiredEarnings":0,"canAccessLidar":true,"phoneNumberVerified":true,"requiresOnboardingProfiling":true,"onboardingProfilingCompleted":true,"onboardingProfilingWorkerSkillsPending":false,"introCourseCompleted":true,"customerType":"self_service","cachedStats":{"estTotalPayoutCents":1159048.6129166672},"preferredTimezone":"utc","successfulLoginAttempts":["2024-01-29T19:15:34.803Z","2024-02-04T16:51:54.203Z","2024-02-12T18:53:52.400Z"],"requiresMfa":false,"verificationStatus":"unverified","activeWorkerTeam":"65808886aa8ee82b61b82d7f","ageRange":"Twenty-one and older","tags":[{"_id":"5e7c1c3e894cad001619e95e","name":"ipcountrycode_US","createdAt":"2020-03-26T03:06:38.705Z","updatedAt":"2020-03-26T03:06:38.705Z","__v":0},{"_id":"5e7ce9d1bf3120001b4667c8","name":"workersource_tasker","createdAt":"2020-03-26T17:43:45.304Z","updatedAt":"2020-03-26T17:43:45.304Z","__v":0},{"_id":"5e4d3ac61aac39001d47f1ea","name":"allow_all_remotasks_content","createdAt":"2020-02-19T13:40:22.093Z","updatedAt":"2020-02-19T13:40:22.093Z","__v":0},{"_id":"645c2e20c49fe58c66a0f77b","name":"Coder","createdAt":"2023-05-10T23:52:00.203Z","updatedAt":"2023-05-10T23:52:00.203Z","__v":0},{"_id":"6517068a5ed496a571fa0582","name":"tier3_coder_candidate","createdAt":"2023-09-29T17:16:58.420Z","updatedAt":"2023-09-29T17:16:58.420Z","__v":0},{"_id":"65674ac54c7b7afac3d51374","name":"tier3_coder_passed_phone_interview","createdAt":"2023-11-29T14:29:25.468Z","updatedAt":"2023-11-29T14:29:25.468Z","__v":0},{"_id":"63ee99c896bf16bdc5625df2","name":"legal_worker_us","createdAt":"2023-02-16T21:02:00.702Z","updatedAt":"2023-02-16T21:02:00.702Z","__v":0},{"_id":"64681b56b5232416bea33726","name":"max_education_bachelor_degree","createdAt":"2023-05-20T00:59:03.940Z","updatedAt":"2023-05-20T00:59:03.940Z","__v":0},{"_id":"63ed787c6b908808fa218487","name":"us_referee","createdAt":"2023-02-16T00:27:40.388Z","updatedAt":"2023-02-16T00:27:40.388Z","__v":0},{"_id":"655e7bb93e6a5419158fc981","name":"scheduled_coding_live_interview","createdAt":"2023-11-22T22:07:53.310Z","updatedAt":"2023-11-22T22:07:53.310Z","__v":0},{"_id":"655e7bc0c5838fce3b942b84","name":"passed_coding_live_interview","createdAt":"2023-11-22T22:08:00.189Z","updatedAt":"2023-11-22T22:08:00.189Z","__v":0},{"_id":"6556b0a67da97af87c43ccf5","name":"skipped_coding_Screening","createdAt":"2023-11-17T00:15:34.380Z","updatedAt":"2023-11-17T00:15:34.380Z","__v":0},{"_id":"65172efcb0a15238d97bdd59","name":"tier3_coder_US","createdAt":"2023-09-29T20:09:32.792Z","updatedAt":"2023-09-29T20:09:32.792Z","__v":0},{"_id":"656fca2bf85395c028cc3c27","name":"bee_coders_pre_cert_pass","createdAt":"2023-12-06T01:11:07.604Z","updatedAt":"2023-12-06T01:11:07.604Z","__v":0},{"_id":"6536fd7eda03897c7ff68321","name":"bee_pollination_coders_pass","createdAt":"2023-10-23T23:10:54.612Z","updatedAt":"2023-10-23T23:10:54.612Z","__v":0},{"_id":"65557111917859bc8833380d","name":"platinum_tasker_coder","createdAt":"2023-11-16T01:32:01.949Z","updatedAt":"2023-11-16T01:32:01.949Z","__v":0},{"_id":"655ea39f3343fd463991e31f","name":"platinum_cheating_strike1","createdAt":"2023-11-23T00:58:07.049Z","updatedAt":"2023-11-23T00:58:07.049Z","__v":0},{"_id":"655ea4906616671fe6ade79d","name":"platinum_cheating_strike2","createdAt":"2023-11-23T01:02:08.452Z","updatedAt":"2023-11-23T01:02:08.452Z","__v":0},{"_id":"64b5b483fd9b74f71fb2dc93","name":"passed_verification","createdAt":"2023-07-17T21:37:07.560Z","updatedAt":"2023-07-17T21:37:07.560Z","__v":0},{"_id":"65b028158e19f5b927486ee0","name":"flamingo_coder_onboarding_all_taskers","createdAt":"2024-01-23T20:56:53.464Z","updatedAt":"2024-01-23T20:56:53.464Z","__v":0},{"_id":"658b67db197c4dd053541722","name":"ptl_coding_jamesf_pod","metadata":{"payMultiplier":1,"workerId":"655e8c2fbde34d1f3252a594"},"createdAt":"2023-12-26T23:55:07.849Z","updatedAt":"2023-12-26T23:55:07.849Z","__v":0},{"_id":"65bd33bca2a82ab0b69bd894","name":"platinum_abtest_high","createdAt":"2024-02-02T18:26:04.812Z","updatedAt":"2024-02-02T18:26:04.812Z","__v":0},{"_id":"65c3d3360a92f7aeba9c2663","name":"t4bulba_0207_testmissions","createdAt":"2024-02-07T19:00:06.873Z","updatedAt":"2024-02-07T19:00:06.873Z","__v":0},{"_id":"65c1672e6309d6e1b9f669ff","name":"bulba_multiturn_spammer","createdAt":"2024-02-05T22:54:38.848Z","updatedAt":"2024-02-05T22:54:38.848Z","__v":0}],"rapidCustomer":false,"disableRapidEmails":false,"studioCustomer":false,"studioSubscriptionTier":"free","remoAdminPersonas":[],"assignedProjectLayers":[],"lastDismissedAnnouncements":{},"autogenerated":false,"projectGroups":[],"previousStripeCustomerId":"","dotsUserId":"","last2FAPhoneVerificationDate":"2024-02-14T04:46:49.667Z","isPermanent2FABypass":false,"phoneNumberAlphabeticCountryCode":"US","phoneNumberCallingCountryCode":"1","localPhoneNumber":"4693169474","verifiedCountryCode":"US","lastPhoneNumberResetDate":"2024-01-17T00:28:39.513Z","smsOptIn":false,"greenHouseResumeLink":"","utmSource":"/en/signup?expert_email=nebilgezaw@gmail.com&utm_source=greenhouse&utm_taskerType=Coders&utm_CampaignDescription=tier3_coder_passed_phone_interview&utm_targetcountry=US&utm_targetLanguage=english&utm_owner=recruiting&utm_id=645bf2369f6ba4c4058362e9","hyperwalletUserToken":"","hyperwalletBankAccountToken":"","hyperwalletBankAccount4Digits":"","hyperwalletPaypalToken":"","hyperwalletPaypalEmail":"","genAiTasker":true,"dummyAccountEmails":[],"useSecureResultUrls":false,"customerStatus":"active","ipWhitelist":[],"accessRoles":[],"customerCodeNames":[],"corpRoles":[],"isCorporateUser":false,"__t":"user","hipaa":false,"contracts":[],"activeWorkerTeamId":"65808886aa8ee82b61b82d7f","activeWorkerTeamName":"Generative AI/Platinum/Coders/T3/US/Flamingo/Flamingo Revival/Python/Writers","activeWorkerTeamAssignments":[{"projectId":"658069b18cfa41c3c6895880","reviewLevel":4,"tier":"Primary","taskType":"chat","taskCustomer":"6227b3afc954af0011b53f8a","projectName":"Flamingo Coding MultiTurn Deviations Onboarding Project","permissionGroup":"658069b29dcf06e61c0ddbd6","inheritedFrom":"Generative AI/Platinum/Coders/T3/US/Flamingo/Flamingo Revival/Python/Writers","rank":0},{"projectId":"657e07549d4d60ede9570c86","reviewLevel":-1,"tier":"Primary","taskType":"chat","taskCustomer":"63fe4e654667d0a6f128105c","projectName":"Flamingo Coding MultiTurn Deviations","permissionGroup":"657e07549d4d60ede9570c7e","inheritedFrom":"Generative AI/Platinum/Coders/T3/US/Flamingo/Flamingo Revival/Python/Writers","rank":1},{"projectId":"656e7fc0212900e99685febc","reviewLevel":4,"tier":"Secondary","taskType":"chat","taskCustomer":"64b1f19c03acceba05b657ab","projectName":"Bee Coding CompSci","permissionGroup":"656e7fc0212900e99685feb3","inheritedFrom":"Generative AI/Platinum/Coders/T3/US/Flamingo/Flamingo Revival/Python/Writers","rank":2},{"projectId":"656e7fc0212900e99685febc","reviewLevel":-1,"tier":"Secondary","taskType":"chat","taskCustomer":"64b1f19c03acceba05b657ab","projectName":"Bee Coding CompSci","permissionGroup":"656e7fc0212900e99685feb3","inheritedFrom":"Generative AI/Platinum/Coders/T3/US/Flamingo/Flamingo Revival/Python/Writers","rank":3},{"projectId":"656ea8e827f65bbadeefb2b2","reviewLevel":4,"tier":"Secondary","taskType":"chat","taskCustomer":"64b1f19c03acceba05b657ab","projectName":"Bee Coding Python","permissionGroup":"656ea8e827f65bbadeefb2ab","inheritedFrom":"Generative AI/Platinum/Coders/T3/US/Flamingo/Flamingo Revival/Python/Writers","rank":4},{"projectId":"656ea8e827f65bbadeefb2b2","reviewLevel":-1,"tier":"Secondary","taskType":"chat","taskCustomer":"64b1f19c03acceba05b657ab","projectName":"Bee Coding Python","permissionGroup":"656ea8e827f65bbadeefb2ab","inheritedFrom":"Generative AI/Platinum/Coders/T3/US/Flamingo/Flamingo Revival/Python/Writers","rank":5},{"projectId":"64f22b4b510846df2b8e256c","reviewLevel":-1,"tier":"Secondary","taskType":"textcollection","taskCustomer":"6441799e5a80c2d2db8f059a","projectName":"Bulba Code Gen Production Rating T3","permissionGroup":"64f22b4c596b48416054455b","inheritedFrom":"Generative AI/Platinum/Coders/T3/US/Flamingo/Flamingo Revival/Python/Writers","rank":6},{"projectId":"65a7c8dae235667e9cb18e03","reviewLevel":-1,"tier":"Secondary","taskType":"chat","taskCustomer":"6463e58315d308d12ddb5385","projectName":"Bulba Code Rating Multiturn","permissionGroup":"65a7c8dc2b16d56883687d1c","inheritedFrom":"Generative AI/Platinum/Coders/T3/US/Flamingo/Flamingo Revival/Python/Writers","rank":7},{"projectId":"65734d8528bda4366f0bb1ca","reviewLevel":-1,"tier":"Secondary","taskType":"chat","taskCustomer":"6463e58315d308d12ddb5385","projectName":"Bulba Code Eval Rating - Chat task 2.0","permissionGroup":"65734d88ad2410bca2c9ec4d","inheritedFrom":"Generative AI/Platinum/Coders/T3/US/Flamingo/Flamingo Revival/Python/Writers","rank":8}],"workerTeamProjectPermissions":{"658069b18cfa41c3c6895880":4,"657e07549d4d60ede9570c86":4,"65734d8528bda4366f0bb1ca":-1,"656e7fc0212900e99685febc":-1,"64f22b4b510846df2b8e256c":-1},"assignedProjectLayersProjectPermissions":{},"projectPermissions":{},"projectNames":{},"scaleProfile":{"employmentType":""},"lastIpAddress":"2603:8080:aa01:22f1:fd04:27b:62c9:3f82","currentlyClaimedTasks":["65af103440c1c5c88fcf5a0d"]}
