{"_id":"65b059df5d98a4a8b124a8cc","id":"65b059df5d98a4a8b124a8cc","email":"hconnie09@gmail.com","firstName":"Connie","lastName":"Ho","phoneNumber":"17809824514","accountType":"worker","inviteCode":"PYDZU8SK","workerPayMultiplier":1,"createdDate":"2024-01-24T00:29:19.546Z","ipCountryCode":"CA","paypalEmail":"connie3@ualberta.ca","accountRole":"user","customerReviewEnabled":false,"googleOAuthId":"112930666699927926656","workerSlackId":"U06FWB3SP98","hubstaffUserId":null,"googleClickId":"","acceptedRemoTermsDate":"2024-01-24T00:29:19.222Z","workerStatus":"pending","accountCreditCents":0,"lastOnlineDatetime":"2024-02-16T04:08:34.755Z","lastActive":"2024-02-16T04:06:14.244Z","tieredAssignedProjects":{"bursty":[],"primary":[],"secondary":[],"tertiary":[]},"teamRole":"admin","canEditTaskTypes":["imageannotation","segmentannotation","textcollection","documenttranscription","namedentityrecognition","videoplaybackannotation","lidarannotation","categorization","multimodaltranscription"],"trainingRewardsEligible":true,"trainingRewardsRequiredEarnings":0,"canAccessLidar":true,"phoneNumberVerified":true,"requiresOnboardingProfiling":true,"onboardingProfilingCompleted":true,"onboardingProfilingWorkerSkillsPending":false,"introCourseCompleted":true,"customerType":"self_service","cachedStats":{"estTotalPayoutCents":145746.92308333333},"preferredTimezone":"utc","successfulLoginAttempts":["2024-01-27T03:10:45.247Z","2024-01-30T16:06:29.175Z","2024-02-10T23:12:33.671Z"],"requiresMfa":false,"verificationStatus":"unverified","activeWorkerTeam":"65808886aa8ee82b61b82d7f","ageRange":"Twenty-one and older","tags":[{"_id":"5e7ceb6f0806410024bb6b9e","name":"ipcountrycode_CA","createdAt":"2020-03-26T17:50:39.892Z","updatedAt":"2020-03-26T17:50:39.892Z","__v":0},{"_id":"5e7ce9d1bf3120001b4667c8","name":"workersource_tasker","createdAt":"2020-03-26T17:43:45.304Z","updatedAt":"2020-03-26T17:43:45.304Z","__v":0},{"_id":"5e4d3ac61aac39001d47f1ea","name":"allow_all_remotasks_content","createdAt":"2020-02-19T13:40:22.093Z","updatedAt":"2020-02-19T13:40:22.093Z","__v":0},{"_id":"645c2e20c49fe58c66a0f77b","name":"Coder","createdAt":"2023-05-10T23:52:00.203Z","updatedAt":"2023-05-10T23:52:00.203Z","__v":0},{"_id":"6517095f93a24739bd57d745","name":"tier12_coder_candidate","createdAt":"2023-09-29T17:29:03.191Z","updatedAt":"2023-09-29T17:29:03.191Z","__v":0},{"_id":"655e8ca153e5f8e39298471f","name":"coding_referral","createdAt":"2023-11-22T23:20:01.611Z","updatedAt":"2023-11-22T23:20:01.611Z","__v":0},{"_id":"64b5b483fd9b74f71fb2dc93","name":"passed_verification","createdAt":"2023-07-17T21:37:07.560Z","updatedAt":"2023-07-17T21:37:07.560Z","__v":0},{"_id":"655e7bb93e6a5419158fc981","name":"scheduled_coding_live_interview","createdAt":"2023-11-22T22:07:53.310Z","updatedAt":"2023-11-22T22:07:53.310Z","__v":0},{"_id":"64d13098d338f948c83c68d3","name":"Experts_TAS_Onboarding","createdAt":"2023-08-07T17:57:44.328Z","updatedAt":"2023-08-07T17:57:44.328Z","__v":0},{"_id":"650b2e21482bd4f44b8ee874","name":"TAS_RACHEL_CILLA","createdAt":"2023-09-20T17:38:41.099Z","updatedAt":"2023-09-20T17:38:41.099Z","__v":0},{"_id":"655e7bc0c5838fce3b942b84","name":"passed_coding_live_interview","createdAt":"2023-11-22T22:08:00.189Z","updatedAt":"2023-11-22T22:08:00.189Z","__v":0},{"_id":"6556b0a67da97af87c43ccf5","name":"skipped_coding_Screening","createdAt":"2023-11-17T00:15:34.380Z","updatedAt":"2023-11-17T00:15:34.380Z","__v":0},{"_id":"65172efcb0a15238d97bdd59","name":"tier3_coder_US","createdAt":"2023-09-29T20:09:32.792Z","updatedAt":"2023-09-29T20:09:32.792Z","__v":0},{"_id":"656fca23945efbc027b6c2b7","name":"bee_coders_pre_cert_fail","createdAt":"2023-12-06T01:10:59.703Z","updatedAt":"2023-12-06T01:10:59.703Z","__v":0},{"_id":"65b88b6ab87afaa7eafe4546","name":"activation_gift_control","createdAt":"2024-01-30T05:38:50.447Z","updatedAt":"2024-01-30T05:38:50.447Z","__v":0},{"_id":"65557111917859bc8833380d","name":"platinum_tasker_coder","createdAt":"2023-11-16T01:32:01.949Z","updatedAt":"2023-11-16T01:32:01.949Z","__v":0},{"_id":"65bc5abf1396ef5c9c7d136e","name":"TnS_Worktime_difference","createdAt":"2024-02-02T03:00:15.184Z","updatedAt":"2024-02-02T03:00:15.184Z","__v":0},{"_id":"65bd33bca2a82ab0b69bd894","name":"platinum_abtest_high","createdAt":"2024-02-02T18:26:04.812Z","updatedAt":"2024-02-02T18:26:04.812Z","__v":0},{"_id":"65b028158e19f5b927486ee0","name":"flamingo_coder_onboarding_all_taskers","createdAt":"2024-01-23T20:56:53.464Z","updatedAt":"2024-01-23T20:56:53.464Z","__v":0},{"_id":"654be308546a920682a08aed","name":"inline_feedback_attempt","createdAt":"2023-11-08T19:35:36.273Z","updatedAt":"2023-11-08T19:35:36.273Z","__v":0},{"_id":"6554e724fba79cfd1fb08868","name":"VC_TSM_JimsC","createdAt":"2023-11-15T15:43:32.608Z","updatedAt":"2023-11-15T15:43:32.608Z","__v":0},{"_id":"658b67db197c4dd053541722","name":"ptl_coding_jamesf_pod","metadata":{"payMultiplier":1,"workerId":"655e8c2fbde34d1f3252a594"},"createdAt":"2023-12-26T23:55:07.849Z","updatedAt":"2023-12-26T23:55:07.849Z","__v":0},{"_id":"655ea39f3343fd463991e31f","name":"platinum_cheating_strike1","createdAt":"2023-11-23T00:58:07.049Z","updatedAt":"2023-11-23T00:58:07.049Z","__v":0}],"rapidCustomer":false,"disableRapidEmails":false,"studioCustomer":false,"studioSubscriptionTier":"free","remoAdminPersonas":[],"rteInfo":{"reservedHours":0,"hoursTaskedSinceReset":0,"reservedHoursTaskedSinceReset":0,"lastResetTime":"2024-01-24T00:31:33.216Z","unSelectedWorkerTeams":[],"rteTierStatus":"Standard","_id":"65b05a65121c0050736c5514"},"assignedProjectLayers":[],"lastDismissedAnnouncements":{},"autogenerated":false,"projectGroups":[],"previousStripeCustomerId":"","dotsUserId":"","last2FAPhoneVerificationDate":"2024-01-24T00:29:55.073Z","isPermanent2FABypass":false,"phoneNumberAlphabeticCountryCode":"CA","phoneNumberCallingCountryCode":"1","localPhoneNumber":"7809824514","verifiedCountryCode":"CA","lastPhoneNumberResetDate":"2024-01-24T00:29:54.908Z","smsOptIn":false,"greenHouseResumeLink":"","utmSource":"/en/signup?signup_flow=565b5729-ddd1-474b-8423-e49d0c7ac298&utm_source=658e0f7d6b41ee9a047d5e85&utm_campaignDescription=codingreferral","hyperwalletUserToken":"","hyperwalletBankAccountToken":"","hyperwalletBankAccount4Digits":"","hyperwalletPaypalToken":"","hyperwalletPaypalEmail":"","genAiTasker":true,"dummyAccountEmails":[],"useSecureResultUrls":false,"customerStatus":"active","ipWhitelist":[],"accessRoles":[],"customerCodeNames":[],"corpRoles":[],"isCorporateUser":false,"__t":"user","hipaa":false,"contracts":[],"activeWorkerTeamId":"65808886aa8ee82b61b82d7f","activeWorkerTeamName":"Generative AI/Platinum/Coders/T3/US/Flamingo/Flamingo Revival/Python/Writers","activeWorkerTeamAssignments":[{"projectId":"658069b18cfa41c3c6895880","reviewLevel":4,"tier":"Primary","taskType":"chat","taskCustomer":"6227b3afc954af0011b53f8a","projectName":"Flamingo Coding MultiTurn Deviations Onboarding Project","permissionGroup":"658069b29dcf06e61c0ddbd6","inheritedFrom":"Generative AI/Platinum/Coders/T3/US/Flamingo/Flamingo Revival/Python/Writers","rank":0},{"projectId":"657e07549d4d60ede9570c86","reviewLevel":-1,"tier":"Primary","taskType":"chat","taskCustomer":"63fe4e654667d0a6f128105c","projectName":"Flamingo Coding MultiTurn Deviations","permissionGroup":"657e07549d4d60ede9570c7e","inheritedFrom":"Generative AI/Platinum/Coders/T3/US/Flamingo/Flamingo Revival/Python/Writers","rank":1},{"projectId":"656e7fc0212900e99685febc","reviewLevel":4,"tier":"Secondary","taskType":"chat","taskCustomer":"64b1f19c03acceba05b657ab","projectName":"Bee Coding CompSci","permissionGroup":"656e7fc0212900e99685feb3","inheritedFrom":"Generative AI/Platinum/Coders/T3/US/Flamingo/Flamingo Revival/Python/Writers","rank":2},{"projectId":"656e7fc0212900e99685febc","reviewLevel":-1,"tier":"Secondary","taskType":"chat","taskCustomer":"64b1f19c03acceba05b657ab","projectName":"Bee Coding CompSci","permissionGroup":"656e7fc0212900e99685feb3","inheritedFrom":"Generative AI/Platinum/Coders/T3/US/Flamingo/Flamingo Revival/Python/Writers","rank":3},{"projectId":"656ea8e827f65bbadeefb2b2","reviewLevel":4,"tier":"Secondary","taskType":"chat","taskCustomer":"64b1f19c03acceba05b657ab","projectName":"Bee Coding Python","permissionGroup":"656ea8e827f65bbadeefb2ab","inheritedFrom":"Generative AI/Platinum/Coders/T3/US/Flamingo/Flamingo Revival/Python/Writers","rank":4},{"projectId":"656ea8e827f65bbadeefb2b2","reviewLevel":-1,"tier":"Secondary","taskType":"chat","taskCustomer":"64b1f19c03acceba05b657ab","projectName":"Bee Coding Python","permissionGroup":"656ea8e827f65bbadeefb2ab","inheritedFrom":"Generative AI/Platinum/Coders/T3/US/Flamingo/Flamingo Revival/Python/Writers","rank":5},{"projectId":"64f22b4b510846df2b8e256c","reviewLevel":-1,"tier":"Secondary","taskType":"textcollection","taskCustomer":"6441799e5a80c2d2db8f059a","projectName":"Bulba Code Gen Production Rating T3","permissionGroup":"64f22b4c596b48416054455b","inheritedFrom":"Generative AI/Platinum/Coders/T3/US/Flamingo/Flamingo Revival/Python/Writers","rank":6},{"projectId":"65a7c8dae235667e9cb18e03","reviewLevel":-1,"tier":"Secondary","taskType":"chat","taskCustomer":"6463e58315d308d12ddb5385","projectName":"Bulba Code Rating Multiturn","permissionGroup":"65a7c8dc2b16d56883687d1c","inheritedFrom":"Generative AI/Platinum/Coders/T3/US/Flamingo/Flamingo Revival/Python/Writers","rank":7},{"projectId":"65734d8528bda4366f0bb1ca","reviewLevel":-1,"tier":"Secondary","taskType":"chat","taskCustomer":"6463e58315d308d12ddb5385","projectName":"Bulba Code Eval Rating - Chat task 2.0","permissionGroup":"65734d88ad2410bca2c9ec4d","inheritedFrom":"Generative AI/Platinum/Coders/T3/US/Flamingo/Flamingo Revival/Python/Writers","rank":8}],"workerTeamProjectPermissions":{"658069b18cfa41c3c6895880":4,"657e07549d4d60ede9570c86":4,"65734d8528bda4366f0bb1ca":-1,"65a7c8dae235667e9cb18e03":-1,"656ea8e827f65bbadeefb2b2":4,"656e7fc0212900e99685febc":4,"64f22b4b510846df2b8e256c":-1},"assignedProjectLayersProjectPermissions":{},"projectPermissions":{},"projectNames":{},"scaleProfile":{"employmentType":""},"lastIpAddress":"2604:3d09:627c:cc00:4427:3ded:6b7f:4f11","currentlyClaimedTasks":[]}

